identifier	handle	linker_length	identity_label	heavy_atoms	formula	formal_charge	covalent_components	chiral_carbon_count	HELM_roundtrip
BCY17868_L4_M0	BCY17868	4	M0	1025	C483H576N173O324P42S3-43	-43	2	185	PASS
BCY17868_L4_M1	BCY17868	4	M1	1025	C483H576N173O324P42S3-43	-43	2	185	PASS
BCY17868_L6_M0	BCY17868	6	M0	1027	C485H580N173O324P42S3-43	-43	2	185	PASS
BCY17868_L6_M1	BCY17868	6	M1	1027	C485H580N173O324P42S3-43	-43	2	185	PASS
BCY17868_L8_M0	BCY17868	8	M0	1029	C487H584N173O324P42S3-43	-43	2	185	PASS
BCY17868_L8_M1	BCY17868	8	M1	1029	C487H584N173O324P42S3-43	-43	2	185	PASS
BCY17869_L4_M0	BCY17869	4	M0	1022	C480H570N173O324P42S3-43	-43	2	185	PASS
BCY17869_L4_M1	BCY17869	4	M1	1022	C480H570N173O324P42S3-43	-43	2	185	PASS
BCY17869_L6_M0	BCY17869	6	M0	1024	C482H574N173O324P42S3-43	-43	2	185	PASS
BCY17869_L6_M1	BCY17869	6	M1	1024	C482H574N173O324P42S3-43	-43	2	185	PASS
BCY17869_L8_M0	BCY17869	8	M0	1026	C484H578N173O324P42S3-43	-43	2	185	PASS
BCY17869_L8_M1	BCY17869	8	M1	1026	C484H578N173O324P42S3-43	-43	2	185	PASS
